BATCHID,COMPANYEXTID,FIRST_NAME,LAST_NAME,EMAIL,COUNTRY,CONTACTID,DATECREATED,MODIFIEDDATE
1aa79a1b08d3450783148944955f0f1f,1,Phillip,Barnes,pbarnes0@about.com,Country_11,6049180956642482872,2022-11-06T11:09:21.124Z,2023-07-11T11:09:37.274Z
1aa79a1b08d3450783148944955f0f1f,2,Kathryn,Hansen,khansen1@ustream.tv,United States,4915592128803958215,2022-11-07T11:09:21.124Z,2022-11-17T11:09:37.274Z
1aa79a1b08d3450783148944955f0f1f,3,Roy,Edwards,redwards2@bravesites.com,United States,-4230091662255801692,2022-11-07T11:09:21.124Z,2022-11-17T11:09:37.274Z
1aa79a1b08d3450783148944955f0f1f,4,George,Morris,gmorris3@symantec.com,United States,3479867580611390902,2022-11-07T11:09:21.124Z,2022-11-17T11:09:37.274Z
1aa79a1b08d3450783148944955f0f1f,5,Donald,Clark,dclark4@squarespace.com,United States,-4938927261373851788,2022-11-07T11:09:21.124Z,2022-11-17T11:09:37.274Z
1aa79a1b08d3450783148944955f0f1f,6,Martha,Ray,mray5@archive.org,United States,-1310156437524113281,2022-11-07T11:09:21.124Z,2022-11-17T11:09:37.274Z
1aa79a1b08d3450783148944955f0f1f,7,Bobby,Wilson,bwilson6@reuters.com,United States,7366780102472690555,2022-11-07T11:09:21.124Z,2022-11-17T11:09:37.274Z
1aa79a1b08d3450783148944955f0f1f,8,Jerry,Ray,jray7@comcast.net,United States,2836003814438581761,2022-11-07T11:09:21.124Z,2022-11-17T11:09:37.274Z
1aa79a1b08d3450783148944955f0f1f,9,Jonathan,Thompson,jthompson8@hatena.ne.jp,United States,-5631282935564822177,2022-11-07T11:09:21.124Z,2022-11-17T11:09:37.274Z
1aa79a1b08d3450783148944955f0f1f,10,Kimberly,Rogers,krogers9@un.org,United States,-135327213029212835,2022-11-07T11:09:21.124Z,2022-11-17T11:09:37.274Z
1aa79a1b08d3450783148944955f0f1f,11,Betty,Ryan,bryana@taobao.com,United States,4727472519321217105,2022-11-07T11:09:21.124Z,2022-11-17T11:09:37.274Z
1aa79a1b08d3450783148944955f0f1f,12,Kathleen,Harris,kharrisb@networkadvertising.org,United States,2392691758394383887,2022-11-07T11:09:21.124Z,2022-11-17T11:09:37.274Z
1aa79a1b08d3450783148944955f0f1f,13,Jessica,Peterson,jpetersonc@columbia.edu,United States,-8171782221237172979,2022-11-07T11:09:21.124Z,2022-11-17T11:09:37.274Z
1aa79a1b08d3450783148944955f0f1f,14,Benjamin,Nguyen,bnguyend@tiny.cc,United States,8752867453677151035,2022-11-07T11:09:21.124Z,2022-11-17T11:09:37.274Z
1aa79a1b08d3450783148944955f0f1f,15,Roy,Parker,rparkere@apache.org,United States,-8353827656557035750,2022-11-07T11:09:21.124Z,2022-11-17T11:09:37.274Z
1aa79a1b08d3450783148944955f0f1f,16,Adam,Perry,aperryf@chronoengine.com,United States,1082202730297726443,2022-11-07T11:09:21.124Z,2022-11-17T11:09:37.274Z
1aa79a1b08d3450783148944955f0f1f,17,Chris,Bennett,cbennettg@github.io,United States,-1391216726874862853,2022-11-07T11:09:21.124Z,2022-11-17T11:09:37.274Z
1aa79a1b08d3450783148944955f0f1f,18,Anna,Jones,ajonesh@patch.com,United States,-4308733424412142283,2022-11-07T11:09:21.124Z,2022-11-17T11:09:37.274Z
1aa79a1b08d3450783148944955f0f1f,19,Roy,Jackson,rjacksoni@simplemachines.org,United States,-6716269267456122831,2022-11-07T11:09:21.124Z,2022-11-17T11:09:37.274Z
1aa79a1b08d3450783148944955f0f1f,20,Gary,Carpenter,gcarpenterj@technorati.com,United States,303279773955558537,2022-11-07T11:09:21.124Z,2022-11-17T11:09:37.274Z
1aa79a1b08d3450783148944955f0f1f,21,Denise,Daniels,ddanielsk@globo.com,United States,5507299215693592804,2022-11-07T11:09:21.124Z,2022-11-17T11:09:37.274Z
1aa79a1b08d3450783148944955f0f1f,22,Judith,Rivera,jriveral@pinterest.com,United States,2870029411198208230,2022-11-07T11:09:21.124Z,2022-11-17T11:09:37.274Z
1aa79a1b08d3450783148944955f0f1f,23,Juan,Henry,jhenrym@uiuc.edu,United States,4649982223596345665,2022-11-07T11:09:21.124Z,2022-11-17T11:09:37.274Z
1aa79a1b08d3450783148944955f0f1f,24,Deborah,Brooks,dbrooksn@tripod.com,United States,6389120472177223758,2022-11-07T11:09:21.124Z,2022-11-17T11:09:37.274Z
1aa79a1b08d3450783148944955f0f1f,25,Kimberly,Day,kdayo@flavors.me,United States,8468084495143730557,2022-11-07T11:09:21.124Z,2022-11-17T11:09:37.274Z
1aa79a1b08d3450783148944955f0f1f,26,Anna,Johnson,ajohnsonp@princeton.edu,United States,8344122238823154156,2022-11-07T11:09:21.124Z,2022-11-17T11:09:37.274Z
1aa79a1b08d3450783148944955f0f1f,27,Timothy,Ellis,tellisq@washingtonpost.com,United States,6561973561066541546,2022-11-07T11:09:21.124Z,2022-11-17T11:09:37.274Z
1aa79a1b08d3450783148944955f0f1f,28,Philip,Andrews,pandrewsr@cargocollective.com,United States,8059766249095566846,2022-11-07T11:09:21.124Z,2022-11-17T11:09:37.274Z
1aa79a1b08d3450783148944955f0f1f,29,Mary,Fields,mfieldss@mtv.com,United States,5895203967295383992,2022-11-07T11:09:21.124Z,2022-11-17T11:09:37.274Z
1aa79a1b08d3450783148944955f0f1f,30,Tammy,Warren,twarrent@weebly.com,United States,-8233094561483654835,2022-11-07T11:09:21.124Z,2022-11-17T11:09:37.274Z
1aa79a1b08d3450783148944955f0f1f,31,Kenneth,Burton,kburtonu@purevolume.com,United States,-3561968848372603178,2022-11-07T11:09:21.124Z,2022-11-17T11:09:37.274Z
1aa79a1b08d3450783148944955f0f1f,32,Joe,Bailey,jbaileyv@surveymonkey.com,United States,-8699260517606603954,2022-11-07T11:09:21.124Z,2022-11-17T11:09:37.274Z
1aa79a1b08d3450783148944955f0f1f,33,Steven,Gonzalez,sgonzalezw@163.com,United States,-2143628557902596424,2022-11-07T11:09:21.124Z,2022-11-17T11:09:37.274Z
1aa79a1b08d3450783148944955f0f1f,34,Jeffrey,Jones,jjonesx@issuu.com,United States,6708143169827933498,2022-11-07T11:09:21.124Z,2022-11-17T11:09:37.274Z
1aa79a1b08d3450783148944955f0f1f,35,Todd,Larson,tlarsony@telegraph.co.uk,United States,7143635019079867733,2022-11-07T11:09:21.124Z,2022-11-17T11:09:37.274Z
1aa79a1b08d3450783148944955f0f1f,36,Terry,Murphy,tmurphyz@tiny.cc,United States,-3395623160344792192,2022-11-07T11:09:21.124Z,2022-11-17T11:09:37.274Z
1aa79a1b08d3450783148944955f0f1f,37,Phyllis,Peters,ppeters10@nba.com,United States,9097240246127787132,2022-11-07T11:09:21.124Z,2022-11-17T11:09:37.274Z
1aa79a1b08d3450783148944955f0f1f,38,Robin,Fernandez,rfernandez11@ebay.co.uk,United States,-4026412808814579566,2022-11-07T11:09:21.124Z,2022-11-17T11:09:37.274Z
1aa79a1b08d3450783148944955f0f1f,39,Wanda,Hernandez,whernandez12@parallels.com,United States,-6479112122639658117,2022-11-07T11:09:21.124Z,2022-11-17T11:09:37.274Z
1aa79a1b08d3450783148944955f0f1f,40,Diane,Bell,dbell13@opera.com,United States,1728363549628997937,2022-11-07T11:09:21.124Z,2022-11-17T11:09:37.274Z
1aa79a1b08d3450783148944955f0f1f,41,Bruce,Cole,bcole14@mysql.com,United States,-3176582355962810616,2022-11-07T11:09:21.124Z,2022-11-17T11:09:37.274Z
1aa79a1b08d3450783148944955f0f1f,42,Lois,Price,lprice15@microsoft.com,United States,1074388503910299395,2022-11-07T11:09:21.124Z,2022-11-17T11:09:37.274Z
1aa79a1b08d3450783148944955f0f1f,43,Theresa,Cunningham,tcunningham16@vimeo.com,United States,-3234088740942560856,2022-11-07T11:09:21.124Z,2022-11-17T11:09:37.274Z
1aa79a1b08d3450783148944955f0f1f,44,Laura,Robertson,lrobertson17@cargocollective.com,United States,-8509530678626143498,2022-11-07T11:09:21.124Z,2022-11-17T11:09:37.274Z
1aa79a1b08d3450783148944955f0f1f,45,Anthony,Snyder,asnyder18@disqus.com,United States,-7995281439557358485,2022-11-07T11:09:21.124Z,2022-11-17T11:09:37.274Z
1aa79a1b08d3450783148944955f0f1f,46,Anna,Diaz,adiaz19@cyberchimps.com,United States,-213954775338140368,2022-11-07T11:09:21.124Z,2022-11-17T11:09:37.274Z
1aa79a1b08d3450783148944955f0f1f,47,Howard,Hudson,hhudson1a@hexun.com,United States,7513233727909691313,2022-11-07T11:09:21.124Z,2022-11-17T11:09:37.274Z
1aa79a1b08d3450783148944955f0f1f,48,Janice,Lane,jlane1b@guardian.co.uk,United States,-5218683591898803197,2022-11-07T11:09:21.124Z,2022-11-17T11:09:37.274Z
1aa79a1b08d3450783148944955f0f1f,49,Anthony,Bishop,abishop1c@t.co,United States,-4036810753137122715,2022-11-07T11:09:21.124Z,2022-11-17T11:09:37.274Z
1aa79a1b08d3450783148944955f0f1f,50,Theresa,Hunter,thunter1d@latimes.com,United States,8242045651221741677,2022-11-07T11:09:21.124Z,2022-11-17T11:09:37.274Z
1aa79a1b08d3450783148944955f0f1f,51,Keith,Lawrence,klawrence1e@diigo.com,United States,4107509011268834086,2022-11-07T11:09:21.124Z,2022-11-17T11:09:37.274Z
1aa79a1b08d3450783148944955f0f1f,52,Keith,Sanchez,ksanchez1f@exblog.jp,United States,7053444636762265820,2022-11-07T11:09:21.124Z,2022-11-17T11:09:37.274Z
1aa79a1b08d3450783148944955f0f1f,53,Sarah,Hamilton,shamilton1g@oracle.com,United States,-8675790379571083461,2022-11-07T11:09:21.124Z,2022-11-17T11:09:37.274Z
1aa79a1b08d3450783148944955f0f1f,54,Gregory,Garcia,ggarcia1h@marketwatch.com,United States,-5271882021979772511,2022-11-07T11:09:21.124Z,2022-11-17T11:09:37.274Z
1aa79a1b08d3450783148944955f0f1f,55,Walter,Watson,wwatson1i@bizjournals.com,United States,2106237978220418637,2022-11-07T11:09:21.124Z,2022-11-17T11:09:37.274Z
1aa79a1b08d3450783148944955f0f1f,56,Juan,Perez,jperez1j@myspace.com,United States,3921072890993007640,2022-11-07T11:09:21.124Z,2022-11-17T11:09:37.274Z
1aa79a1b08d3450783148944955f0f1f,57,Diana,Morales,dmorales1k@fda.gov,United States,-7547880918055710018,2022-11-07T11:09:21.124Z,2022-11-17T11:09:37.274Z
1aa79a1b08d3450783148944955f0f1f,58,Catherine,Garcia,cgarcia1l@themeforest.net,United States,-3199838837681284451,2022-11-07T11:09:21.124Z,2022-11-17T11:09:37.274Z
1aa79a1b08d3450783148944955f0f1f,59,Wanda,Lewis,wlewis1m@hostgator.com,United States,1829270396879635164,2022-11-07T11:09:21.124Z,2022-11-17T11:09:37.274Z
1aa79a1b08d3450783148944955f0f1f,60,Beverly,Alexander,balexander1n@hugedomains.com,United States,-5702566605857832116,2022-11-07T11:09:21.124Z,2022-11-17T11:09:37.274Z
1aa79a1b08d3450783148944955f0f1f,61,Rebecca,Peters,rpeters1o@diigo.com,United States,7958998865773589083,2022-11-07T11:09:21.124Z,2022-11-17T11:09:37.274Z
1aa79a1b08d3450783148944955f0f1f,62,Stephanie,Lee,slee1p@arstechnica.com,United States,7351324870250318164,2022-11-07T11:09:21.124Z,2022-11-17T11:09:37.274Z
1aa79a1b08d3450783148944955f0f1f,63,Ruby,Alexander,ralexander1q@telegraph.co.uk,United States,-1793996461020507580,2022-11-07T11:09:21.124Z,2022-11-17T11:09:37.274Z
1aa79a1b08d3450783148944955f0f1f,64,Paula,Reyes,preyes1r@ebay.com,United States,5213869779076681557,2022-11-07T11:09:21.124Z,2022-11-17T11:09:37.274Z
1aa79a1b08d3450783148944955f0f1f,65,Kelly,Owens,kowens1s@mail.ru,United States,-8323798304825139565,2022-11-07T11:09:21.124Z,2022-11-17T11:09:37.274Z
1aa79a1b08d3450783148944955f0f1f,66,Gerald,Moreno,gmoreno1t@usatoday.com,United States,-913013970661306157,2022-11-07T11:09:21.124Z,2022-11-17T11:09:37.274Z
1aa79a1b08d3450783148944955f0f1f,67,Jerry,Porter,jporter1u@sun.com,United States,249270476323936605,2022-11-07T11:09:21.124Z,2022-11-17T11:09:37.274Z
1aa79a1b08d3450783148944955f0f1f,68,Henry,Sanchez,hsanchez1v@cafepress.com,United States,7386836423161554653,2022-11-07T11:09:21.124Z,2022-11-17T11:09:37.274Z
1aa79a1b08d3450783148944955f0f1f,69,Adam,Lynch,alynch1w@ifeng.com,United States,-8014703595210136385,2022-11-07T11:09:21.124Z,2022-11-17T11:09:37.274Z
1aa79a1b08d3450783148944955f0f1f,70,Douglas,Myers,dmyers1x@live.com,United States,-7607355234881225796,2022-11-07T11:09:21.124Z,2022-11-17T11:09:37.274Z
1aa79a1b08d3450783148944955f0f1f,71,Samuel,Anderson,sanderson1y@blogger.com,United States,8684702319473798073,2022-11-07T11:09:21.124Z,2022-11-17T11:09:37.274Z
1aa79a1b08d3450783148944955f0f1f,72,Theresa,Wagner,twagner1z@bizjournals.com,United States,-2111789261803310755,2022-11-07T11:09:21.124Z,2022-11-17T11:09:37.274Z
1aa79a1b08d3450783148944955f0f1f,73,Henry,Diaz,hdiaz20@meetup.com,United States,7355882632078279469,2022-11-07T11:09:21.124Z,2022-11-17T11:09:37.274Z
1aa79a1b08d3450783148944955f0f1f,74,Ashley,Rivera,arivera21@prweb.com,United States,1948163105724488999,2022-11-07T11:09:21.124Z,2022-11-17T11:09:37.274Z
1aa79a1b08d3450783148944955f0f1f,75,Betty,Johnson,bjohnson22@blogspot.com,United States,-5190293767509173249,2022-11-07T11:09:21.124Z,2022-11-17T11:09:37.274Z
1aa79a1b08d3450783148944955f0f1f,76,Cynthia,Hayes,chayes23@dropbox.com,United States,-1002765722494576685,2022-11-07T11:09:21.124Z,2022-11-17T11:09:37.274Z
1aa79a1b08d3450783148944955f0f1f,77,David,Jordan,djordan24@fastcompany.com,United States,-4933384081047636368,2022-11-07T11:09:21.124Z,2022-11-17T11:09:37.274Z
1aa79a1b08d3450783148944955f0f1f,78,Heather,Dixon,hdixon25@oracle.com,United States,-1673557560208397199,2022-11-07T11:09:21.124Z,2022-11-17T11:09:37.274Z
1aa79a1b08d3450783148944955f0f1f,79,Theresa,Reed,treed26@yelp.com,United States,-3007779190819669552,2022-11-07T11:09:21.124Z,2022-11-17T11:09:37.274Z
1aa79a1b08d3450783148944955f0f1f,80,Earl,Garza,egarza27@ucsd.edu,United States,1530220126040385696,2022-11-07T11:09:21.124Z,2022-11-17T11:09:37.274Z
1aa79a1b08d3450783148944955f0f1f,81,Diane,Butler,dbutler28@wikispaces.com,United States,878293972781186013,2022-11-07T11:09:21.124Z,2022-11-17T11:09:37.274Z
1aa79a1b08d3450783148944955f0f1f,82,Michael,Greene,mgreene29@cnet.com,United States,-2935714950018571719,2022-11-07T11:09:21.124Z,2022-11-17T11:09:37.274Z
1aa79a1b08d3450783148944955f0f1f,83,Johnny,Payne,jpayne2a@nba.com,United States,7345940271916767101,2022-11-07T11:09:21.124Z,2022-11-17T11:09:37.274Z
1aa79a1b08d3450783148944955f0f1f,84,Harold,Griffin,hgriffin2b@ocn.ne.jp,United States,-2531460534674857839,2022-11-07T11:09:21.124Z,2022-11-17T11:09:37.274Z
1aa79a1b08d3450783148944955f0f1f,85,Marie,Cooper,mcooper2c@yahoo.com,United States,-6489965877099678198,2022-11-07T11:09:21.124Z,2022-11-17T11:09:37.274Z
1aa79a1b08d3450783148944955f0f1f,86,Adam,Long,along2d@economist.com,United States,3195201572276069845,2022-11-07T11:09:21.124Z,2022-11-17T11:09:37.274Z
1aa79a1b08d3450783148944955f0f1f,87,Jeremy,Cooper,jcooper2e@dyndns.org,United States,971697779601452682,2022-11-07T11:09:21.124Z,2022-11-17T11:09:37.274Z
1aa79a1b08d3450783148944955f0f1f,88,Sara,Welch,swelch2f@vinaora.com,United States,-5337732571395118767,2022-11-07T11:09:21.124Z,2022-11-17T11:09:37.274Z
1aa79a1b08d3450783148944955f0f1f,89,Anne,Fernandez,afernandez2g@blogspot.com,United States,-1311679342370624691,2022-11-07T11:09:21.124Z,2022-11-17T11:09:37.274Z
1aa79a1b08d3450783148944955f0f1f,90,Jack,Reynolds,jreynolds2h@nature.com,United States,-6487235850811687105,2022-11-07T11:09:21.124Z,2022-11-17T11:09:37.274Z
1aa79a1b08d3450783148944955f0f1f,91,Jean,Henry,jhenry2i@newyorker.com,United States,2037501665103966982,2022-11-07T11:09:21.124Z,2022-11-17T11:09:37.274Z
1aa79a1b08d3450783148944955f0f1f,92,Willie,Ramirez,wramirez2j@freewebs.com,United States,-3195763669082721916,2022-11-07T11:09:21.124Z,2022-11-17T11:09:37.274Z
1aa79a1b08d3450783148944955f0f1f,93,Fred,Allen,fallen2k@irs.gov,United States,-6967121466983305875,2022-11-07T11:09:21.124Z,2022-11-17T11:09:37.274Z
1aa79a1b08d3450783148944955f0f1f,94,Kenneth,Gonzales,kgonzales2l@dailymail.co.uk,United States,8843827910008390640,2022-11-07T11:09:21.124Z,2022-11-17T11:09:37.274Z
1aa79a1b08d3450783148944955f0f1f,95,Earl,Reynolds,ereynolds2m@aboutads.info,United States,-5597690661529563647,2022-11-07T11:09:21.124Z,2022-11-17T11:09:37.274Z
1aa79a1b08d3450783148944955f0f1f,96,Raymond,Berry,rberry2n@rediff.com,United States,-2465618997561029663,2022-11-07T11:09:21.124Z,2022-11-17T11:09:37.274Z
1aa79a1b08d3450783148944955f0f1f,97,Wanda,Mendoza,wmendoza2o@123-reg.co.uk,United States,2713998075654699213,2022-11-07T11:09:21.124Z,2022-11-17T11:09:37.274Z
1aa79a1b08d3450783148944955f0f1f,98,Bruce,Bowman,bbowman2p@hud.gov,United States,4137638548207903968,2022-11-07T11:09:21.124Z,2022-11-17T11:09:37.274Z
1aa79a1b08d3450783148944955f0f1f,99,Mary,Ferguson,mferguson2q@studiopress.com,United States,8237606238290405101,2022-11-07T11:09:21.124Z,2022-11-17T11:09:37.274Z
1aa79a1b08d3450783148944955f0f1f,100,Billy,Wallace,bwallace2r@comsenz.com,United States,-7489691717511273519,2022-11-07T11:09:21.124Z,2022-11-17T11:09:37.274Z
